time, ping, down, up
15:26:45.582132, 29.107, 8.09, 1.61
15:28:06.110164, 29.086, 8.75, 1.7
15:28:47.210901, 29.927, 8.7, 1.72
